timestamp,source_ip,source_country,destination_port,protocol,length
1745686688,196.251.117.173,The Netherlands,9999,TCP,60
1745686688,196.251.117.173,The Netherlands,9999,TCP,60
1745686695,8.211.52.176,Germany,53,DNS,74
1745686696,180.76.250.117,China,22,TCP,76
1745686696,180.76.250.117,China,22,SSH,91
1745686696,180.76.250.117,China,22,TCP,68
1745686696,180.76.250.117,China,22,TCP,68
1745686696,180.76.250.117,China,22,SSH,1004
1745686697,180.76.250.117,China,22,TCP,68
1745686697,180.76.250.117,China,22,SSH,116
1745686697,180.76.250.117,China,22,TCP,68
1745686697,180.76.250.117,China,22,SSH,84
1745686697,180.76.250.117,China,22,SSH,112
1745686697,8.211.52.176,Germany,53,DNS,68
1745686697,180.76.250.117,China,22,TCP,68
1745686697,180.76.250.117,China,22,SSH,152
1745686697,180.76.250.117,China,22,SSH,120
1745686697,180.76.250.117,China,22,TCP,68
1745686697,180.76.250.117,China,22,TCP,68
1745686699,8.211.52.176,Germany,53,DNS,58
1745686712,78.128.114.90,Bulgaria,4682,TCP,60
1745686713,78.128.114.90,Bulgaria,4682,TCP,60
1745686724,154.81.156.35,The Netherlands,82,TCP,58
1745686725,218.92.0.156,China,22,TCP,76
1745686725,218.92.0.156,China,22,TCP,68
1745686725,218.92.0.156,China,22,SSH,83
1745686725,218.92.0.156,China,22,TCP,68
1745686725,218.92.0.156,China,22,SSH,924
1745686726,218.92.0.156,China,22,TCP,939
1745686728,20.171.29.237,United States,6379,TCP,58
1745686731,65.49.1.167,United States,6161,TCP,58
1745686767,2.69.3.254,Sweden,85,TCP,76
1745686782,51.222.141.10,Canada,22,TCP,76
1745686782,51.222.141.10,Canada,22,TCP,68
1745686782,51.222.141.10,Canada,22,TCP,68
1745686783,51.222.141.10,Canada,22,SSH,2153
1745686783,51.222.141.10,Canada,22,TCP,68
1745686783,51.222.141.10,Canada,22,SSH,340
1745686783,51.222.141.10,Canada,22,TCP,68
1745686783,51.222.141.10,Canada,22,SSH,136
1745686784,51.222.141.10,Canada,22,TCP,68
1745686784,51.222.141.10,Canada,22,SSH,216
1745686784,51.222.141.10,Canada,22,TCP,68
1745686784,51.222.141.10,Canada,22,TCP,68
1745686784,51.222.141.10,Canada,22,TCP,68
1745686795,65.20.193.144,Iraq,22,TCP,76
1745686795,65.20.193.144,Iraq,22,TCP,68
1745686795,65.20.193.144,Iraq,22,TCP,68
1745686796,65.20.193.144,Iraq,22,SSH,89
1745686796,65.20.193.144,Iraq,22,SSH,2132
1745686796,65.20.193.144,Iraq,22,TCP,68
1745686796,65.20.193.144,Iraq,22,SSH,340
1745686796,65.20.193.144,Iraq,22,TCP,68
1745686797,65.20.193.144,Iraq,22,SSH,84
1745686797,65.20.193.144,Iraq,22,SSH,120
1745686797,65.20.193.144,Iraq,22,TCP,68
1745686797,65.20.193.144,Iraq,22,SSH,216
1745686797,65.20.193.144,Iraq,22,TCP,68
1745686798,65.20.193.144,Iraq,22,TCP,68
1745686798,65.20.193.144,Iraq,22,TCP,68
1745686802,162.216.149.230,United States,9445,TCP,60
1745686803,117.239.154.146,India,22,TCP,68
1745686803,117.239.154.146,India,22,TCP,58
1745686804,117.239.154.146,India,22,TCP,58
1745686804,117.239.154.146,India,22,SSH,2141
1745686804,117.239.154.146,India,22,TCP,58
1745686805,117.239.154.146,India,22,SSH,328
1745686805,117.239.154.146,India,22,TCP,58
1745686805,117.239.154.146,India,22,SSH,124
1745686805,117.239.154.146,India,22,TCP,58
1745686806,117.239.154.146,India,22,SSH,204
1745686806,117.239.154.146,India,22,TCP,58
1745686807,117.239.154.146,India,22,TCP,58
1745686807,117.239.154.146,India,22,TCP,58
1745686807,162.216.149.41,United States,65000,TCP,60
1745686814,218.92.0.156,China,22,TCP,76
1745686814,218.92.0.156,China,22,TCP,68
1745686814,218.92.0.156,China,22,SSH,83
1745686814,218.92.0.156,China,22,TCP,68
1745686814,218.92.0.156,China,22,SSH,924
1745686815,218.92.0.156,China,22,TCP,68
1745686815,218.92.0.156,China,22,SSH,148
1745686815,218.92.0.156,China,22,TCP,68
1745686815,218.92.0.156,China,22,SSH,84
1745686815,218.92.0.156,China,22,SSH,132
1745686815,218.92.0.156,China,22,SSH,148
1745686815,218.92.0.156,China,22,SSH,132
1745686815,218.92.0.156,China,22,TCP,68
1745686815,218.92.0.156,China,22,TCP,68
1745686819,175.199.184.89,South Korea,6036,TCP,58
1745686832,71.136.104.138,China,65537,ICMP,58
1745686853,5.188.206.54,Bulgaria,3288,TCP,58
1745686853,5.188.206.54,Bulgaria,3288,TCP,58
